Feature_1,Feature_2,Label
0.06607589966542218,0.15500716989989724,0
1.0485433509404094,0.15784274043900592,1
0.6735331829111927,1.4602479530273111,1
0.799116378121089,0.9237555787022491,0
0.018588228346748923,0.03884024324414035,0
1.6563747658769816,0.05064241543896842,1
0.339745029435301,0.9509037837856269,1
1.2661220324353983,0.9300247124990041,0
0.027789931549867235,0.28062735882492046,0
0.8188312899177057,-0.2911333029144967,1
-0.05697187055760281,0.425568220254256,1
0.7737592030161119,0.9109201488354356,0
-0.026780929748703854,0.12858408818422376,0
0.9434387704795193,0.23130978467174726,1
0.2968827172773388,1.166641178538803,1
1.419023344105688,0.7668040565323894,0
0.048229427899823464,-0.01715168885042015,0
0.7273511410966361,0.23321464609756243,1
-0.3840665446079556,0.9141514164491766,1
0.79922074665487,0.8663991673154373,0
-0.6726181800049105,0.16246007531536874,0
1.0977920793556017,0.04316538466218051,1
0.4291076816553805,0.6522638418577992,1
1.0089145412584317,1.1068979010726947,0
0.5176290538422528,-0.2531350909444082,0
0.9838976615893743,0.2469764954818319,1
-0.09428091675354565,0.9296099748214638,1
0.5986510912612617,0.8281789602450619,0
-0.18249916008642117,0.014792449764810712,0
0.9381782339040567,0.1408090729038787,1
0.28889988483757323,1.4509944111081543,1
1.480779587073678,0.7087074648196066,0
-0.2992139531775964,-0.020792835225309995,0
0.5350428352450652,-0.3005590996611862,1
0.012587104186283048,1.076923687155456,1
1.0482417551994945,1.4046236681608557,0
-0.11353589898932338,-0.06337155730206419,0
0.6129381550303576,0.22038106018442333,1
-0.20859898299820367,0.8034082357763425,1
0.6388324707454185,0.8738445099119919,0
0.031988189848221535,-0.1682049220117398,0
1.0674154167742398,0.0866208059144115,1
-0.2963096439310946,1.2708688006812228,1
1.2697985443687716,0.8127606199806888,0
-0.10718515823098013,-0.021283474979294902,0
0.9615204760344739,0.49198736368208057,1
-0.2415188469451624,0.840765658496361,1
1.176631932913263,1.3823243790668265,0
-0.18311062334700084,0.16535304662379366,0
1.291860862687934,-0.3415171263122578,1
-0.12338488299020924,0.945669961232606,1
0.8688682642541365,0.8797824223451723,0
0.3014036371215203,0.3111306674710902,0
0.9988980265588302,-0.12126482414487944,1
0.09122246059705429,1.5615683988987148,1
1.1243876748174237,1.0147525244069286,0
-0.12289406275127884,0.09591870908125381,0
0.3506789182167651,0.38301812040389294,1
-0.21892542140597285,0.6608643875201801,1
0.5121691516113108,1.0356561163294435,0
0.43541709217373437,-0.0729824009773868,0
1.2926357587002157,-0.15042339043886072,1
0.20125278934255214,0.8274651278769893,1
0.9989611778295536,0.848412198060449,0
0.0553509438256814,0.1564021477341665,0
1.007657365223577,0.22421027970976362,1
0.22292591990097937,1.120851590600553,1
1.110331626962618,0.9338550824383914,0
0.09413506434172557,-0.29631101957572153,0
1.094495257417105,0.25148709717216167,1
-0.20422572179635293,1.0474783880153506,1
1.1563716666406227,0.7039196648764046,0
-0.1769130639838055,-0.1156261241183981,0
0.9346990408524596,0.15548281997861635,1
0.4133526674923087,0.9497473003529393,1
1.0523434794689182,0.8446739670712173,0
0.025059043554420624,-0.2684984150839134,0
1.4094177620476265,-0.4307925366132811,1
-0.22979940132472346,1.0393530955141876,1
1.1111945663130507,0.8519056212760308,0
-0.12561433315599949,-0.1419080113340816,0
1.1382379303181964,0.6105295184123376,1
0.02189432165547768,1.1168268269757633,1
1.3668194425416709,0.6144114025352575,0
-0.261741588388026,-0.03847851523209161,0
0.6425503146651064,-0.21796246419437587,1
-0.16433306132456635,1.12724145431213,1
1.270633162450284,0.44508742306266125,0
-0.433088859220086,0.19210601873282976,0
0.8102871087761716,0.06144151808560917,1
0.035442737373669,0.8589646219194574,1
0.9686299811676269,1.0654286512564357,0
0.47297011230366154,-0.28426372573703734,0
1.1107036455563046,0.11860663612000558,1
-0.08901106058788981,0.9366186585888033,1
0.7767546666414407,0.7289493368459805,0
-0.07362814382976696,-0.2704317987001353,0
0.9364834943518905,0.14798768824251884,1
0.4260567972563481,1.3213699231379017,1
0.7234861073218027,0.9629788984722297,0
0.2385156862087944,-0.4447558479785797,0
0.9846261461725005,0.2645470637453871,1
0.1760472969621325,0.7262680491111106,1
0.8765100518081966,0.7518053909685014,0
0.37408621458713603,-0.22243384734644756,0
1.154270759636211,-0.10462950836099902,1
0.3663832669466434,1.3627984558302608,1
0.9260461200723124,1.425312293375193,0
0.40879008893043733,0.21102710195274077,0
1.217889252837903,0.2381063023546762,1
-0.019337615612362635,1.1471069374378386,1
0.8192747075575706,0.9861924027730294,0
-0.1605700055037174,0.1310310143357959,0
1.6613257843505689,-0.3488374630752905,1
-0.2935792501294457,0.8912928152799083,1
1.3003306750127255,1.2606379582123513,0
-0.2048377270205883,0.35729200344307266,0
1.0740577094438624,-0.25281603319376755,1
0.03157786180483552,0.45433584591814524,1
0.5456807747570437,1.1325990625375535,0
0.06313183457769828,-0.29008711353519423,0
1.13952720555212,-0.09373599261839975,1
-0.33995385894442426,0.5227819432345278,1
1.0818293981499427,1.0041498043860795,0
-0.2708028776839743,0.05441112518618176,0
0.6287441742953703,-0.040938274977088046,1
-0.019280224948497644,0.6025590114577226,1
0.9243910057126818,1.1437982480052584,0
-0.11538398180782684,-0.05398125340949461,0
0.9360101153242707,0.23844788548756007,1
0.166307499248607,0.9602232881581215,1
1.0501313316449497,1.1441402847254645,0
0.22223830335690306,-0.27117810580815127,0
1.189787251250628,-0.026465820521765986,1
-0.17095511252280177,1.3070332707781465,1
1.1600093823465212,1.1679073139329523,0
0.1616021224849571,0.2761202258802074,0
0.7662073288669771,-0.10716363273782202,1
-0.14304620296357637,0.7978285604222504,1
1.1727453166635224,0.9939871603763911,0
0.09656428508657093,0.0041290591611698076,0
0.9856544950144073,-0.17345515507118023,1
-0.013145448075633713,1.0831790327943451,1
0.8749166956353313,0.5733956367083404,0
0.11605089584952367,0.5745818609332096,0
0.7637139148094731,-0.3357311240764169,1
0.0044517473504629285,0.6813151013546214,1
1.0011871994429205,1.0701184570304263,0
-0.043655148555457185,0.1784854430761589,0
1.282708910453789,-0.035433698738420144,1
-0.053970866351267646,1.0841764359665436,1
0.8801992093360884,1.5972039269852143,0
0.15598073814112828,-0.07539099431118046,0
1.2436132678016458,-0.1937500649499889,1
-0.050414844543338014,0.898571382838769,1
0.8961677755476964,1.0483489784555173,0
0.5145040330409884,0.03276792030256541,0
0.9603271237211082,0.11269882314313237,1
0.10292510218302718,0.7637627297277585,1
0.9234278876736074,0.7537317815379627,0
-0.0511360011772685,-0.2290204914947234,0
1.1639991585395133,-0.04231150103878915,1
0.1729451642136888,0.9378960827761544,1
0.8909085032460599,0.847525214937147,0
0.11497172635258325,-0.3546224259644167,0
1.3714662331470804,0.32214744210442325,1
0.45975148756533113,0.43323019183060896,1
0.8851370731026145,0.816467102364146,0
-0.4381009418880748,0.03680544096635059,0
1.0591422225333043,-0.025631140351785403,1
0.3816783891998507,0.8695704724367207,1
0.7821525301024005,1.0534227955957607,0
-0.37802206693402135,0.08747432996822434,0
1.1415527553650064,0.1396600280669753,1
-0.25702493892256406,0.6663315536374121,1
1.09791860966602,1.3247412498975377,0
-0.09549503417022369,-0.4728548327538552,0
0.9274161526431979,-0.18541240127979863,1
0.27330092118911836,1.1451568312746914,1
1.4282106683239997,0.7654427638265835,0
0.006567788602565943,0.06667835217869121,0
1.3277651701174935,0.3013391606180097,1
-0.21015914798825697,1.379009898531567,1
0.2742684158847887,1.5358874635168513,0
0.10552807532140605,0.29460847580609845,0
0.8621458702054403,0.22255271040029415,1
0.056340728065180416,1.1996661738120467,1
1.2290153988792487,1.120150467409436,0
0.16923127604101307,0.047332665807877775,0
0.5502935013386819,-0.11937457695754247,1
0.10330154962336582,0.8323097257693515,1
1.0408010043733964,0.7529492537878245,0
0.09350222195668899,0.11991996614088947,0
0.5884702308995186,-0.04026101927952826,1
-0.09532388020224294,1.1725925144724512,1
0.6600781639419019,0.47409211550847097,0
0.19650268217488445,-0.147602289732583,0
0.9061199217090464,-0.2021165978819879,1
-0.22236004192811454,0.6925366911135729,1
0.7216109867250304,0.8346726265893001,0
-0.24696501558680503,-0.10787920952625044,0
0.9088871827920706,0.38938305867246537,1
0.11310742123720799,1.2308055890080072,1
1.0232677491416697,1.0268494568572457,0
-0.14475754156363982,0.06295910579879738,0
0.8179659643905767,-0.041971318745883376,1
0.23671592438665023,1.0032846639053932,1
1.0147799418087864,1.1572046366531707,0
0.01541547337390614,-0.20349995936548795,0
1.1801731021031923,0.07458603854318054,1
-0.23622048597960074,0.8890092319902828,1
1.1185099171023813,0.8922997955691871,0
0.03256616922787276,0.36070875452693274,0
0.836371910514631,0.5812485189281256,1
-0.006446298021674857,0.942899891425512,1
1.0808607785267115,1.0574220390577993,0
-0.45594779524750373,-0.26861258667473376,0
0.8418799973653708,-0.24542883399938162,1
-0.10703096332803815,0.7522831217085585,1
1.058307982440809,1.0490421894319788,0
0.24999362764136893,-0.0043916422811932955,0
0.9691247824656063,-0.03609997390861335,1
0.12198544088322709,0.9625692684525058,1
1.1263089661324872,0.6885450551565238,0
0.3634043877056709,-0.3727939245660707,0
0.9589273876173893,-0.3642897043358015,1
0.35372253467184106,1.118591536491844,1
0.6237423279544811,0.6296704455847153,0
-0.3742520054299879,0.26865685929903493,0
0.9984968560987469,-0.1936459142020051,1
-0.14738184188736075,1.105258032568019,1
1.1401291980521104,1.2291118989957377,0
0.164525911194999,-0.6679068609100669,0
0.9754681911280952,0.1829393016856987,1
-0.5991585647006445,1.17073506103608,1
0.9773342474717684,0.9793413088088363,0
-0.2138214292964987,-0.23895063459548221,0
1.0302752795850876,-0.10197196936562831,1
0.06825446038317673,1.2433435305722682,1
0.8110364816835126,1.1228014051448976,0
-0.42102341229257084,-0.045586160175212116,0
0.8800197478124907,0.22628396597311923,1
-0.13734641160110292,1.5877380106446157,1
1.0052880866963625,0.9286905470816506,0
-0.03531117433176451,-0.10651739582513298,0
0.7492761058624842,-0.10510633368881049,1
-0.12010661615320063,0.7786609834412301,1
0.8247437430835125,0.7926436370994884,0
-0.384614313016278,-0.09880950833963752,0
1.004958455517581,0.11197837940217663,1
0.02429262499874734,1.1538516074739404,1
0.6389962452408859,1.0472197837543271,0
0.05633553255038557,-0.14405292056004532,0
0.8216734641269514,0.013422727468435793,1
0.05337498495105288,0.8404902368864401,1
1.2818051982523655,1.2800528965962503,0
0.2815292856593635,-0.30186540902960957,0
0.7900288635326004,-0.1054202606387281,1
-0.14091736494289042,0.8498938696194841,1
0.38201067338718364,1.5982294701133546,0
-0.07652512672269876,-0.2898340727710344,0
0.8042660089979748,-0.104796556046213,1
-0.08359053542362023,0.583072037933506,1
0.9191728435511668,1.1198142598150045,0
0.24308849224352708,-0.20990311092548244,0
1.1192140677590072,0.016634526920374176,1
0.1455737378475243,1.0336785231460053,1
0.9684969014820086,1.268988735593735,0
0.3169249074220629,-0.1809004814128581,0
1.2697765066765796,-0.2839329525893189,1
0.15221503268366265,1.3182157513071295,1
1.1087929174924627,0.7955233951185606,0
0.3235465663204961,0.20986021277035144,0
1.3214252548183962,0.10244317503678878,1
-0.35276976709919716,0.8482225780179098,1
0.9981971473341712,1.1636690475958165,0
-0.1972742631279176,0.013009088934403619,0
0.777575152091001,0.03604815853194921,1
0.19781062336128366,0.6998733080752664,1
0.40581323373256417,0.9075718378415016,0
-0.40803078245176083,0.17276411135343003,0
1.1646035116001057,0.16987065314455496,1
-0.3501509767346213,0.768635021797902,1
0.7682563460577473,1.244975208590192,0
0.196260076436654,0.43470027881245693,0
1.1356200473402096,-0.29786899858213856,1
0.14324935500947056,1.0383514055763112,1
0.7848803517611962,1.4672536815312407,0
0.21972544328813062,-0.2364930125182099,0
0.7171923815530677,-0.06693226819287001,1
-0.01073534636707724,0.5329939875335494,1
1.067262297821049,1.0531512473249347,0
-0.05823036040820468,0.14422087418476784,0
0.8505027008529433,-0.3245140017175161,1
-0.057929679412242474,0.8158928056796443,1
1.2947207620895405,0.9929174689050656,0
-0.20901125964330586,-0.02517001665212137,0
0.9929149137158653,-0.20242820000077824,1
0.03769607111311996,0.5750821593313569,1
1.4295029309134701,1.4767014394792204,0
0.21538458452388992,0.21181333093519852,0
0.859050183433913,-0.34482865917984684,1
0.04085208076722696,1.090734215463162,1
0.6955723724850232,0.6914977517405356,0
-0.17689230705751968,0.3998920875469931,0
0.7872403683449332,0.25766741750806293,1
-0.11752054877590391,1.1222856058335176,1
1.705469829141534,0.888688565705239,0
-0.23088109553009964,0.3106596399841655,0
1.3626400339060816,-0.2780921722183928,1
-0.11266748019135218,1.1612430230835913,1
1.0065810755873432,0.7191180922541701,0
-0.1294493520146807,-0.06389194219443818,0
0.6282309522690109,0.11293121223291962,1
0.31857327583963013,1.2416475534353353,1
0.8869800393863018,0.8727796035930763,0
0.18573953525456108,0.2149412146675454,0
0.8675464476741952,-0.37943863675635436,1
0.029400128810641094,1.0625694846119016,1
1.3445981457240979,1.1285933654835765,0
0.11040038184310101,0.4081301620103369,0
0.8748600281116494,0.2767072740234385,1
0.47083760735945085,1.3596711628913087,1
0.5952630005065886,0.5876294891853958,0
-0.21127677498123065,0.1606892390282152,0
0.7961492512025858,-0.18448065106223596,1
-0.5280837173018653,1.1018894730614828,1
1.084995969430192,1.0616481736380174,0
-0.33837699115823183,-0.04360976276478052,0
1.137769030321595,0.041495433313352,1
-0.2834881517584107,0.7581992616796812,1
0.7138091297537135,1.0586444012313678,0
0.11342220057614331,-0.22118798355877775,0
1.1948800393831094,-0.05282008799203637,1
0.01703686491770339,0.22497860673426961,1
0.9427580239214274,1.1284091701680279,0
-0.07128517005798801,0.20545396050085973,0
0.7173156001097385,-0.2750240531114177,1
0.002167514733860589,1.0932556458108138,1
0.7759214588790118,0.8833520357524665,0
-0.35470121170804014,0.29581004932643595,0
1.0799874451770897,-0.12523286921659088,1
0.0671889868993217,0.970109278289704,1
1.0191859593230188,1.6137241788018315,0
0.14482522030515607,0.046234004745646165,0
1.2681926949046955,0.24669383688724592,1
0.05540578158795733,1.2146505275247588,1
1.4471410198417756,1.3160987654906389,0
0.054203179433094835,0.3652845884031431,0
0.8143139914001247,-0.2061726643139091,1
0.10675631757276734,0.742313386309718,1
0.4363059838098039,1.2134226527235037,0
-0.05602226809668991,-0.1138502981952908,0
0.4985533903987256,-0.07927586724689159,1
-0.10049414385732972,0.8103316031965941,1
0.793732578775589,0.878887803499032,0
0.015999143662735856,-0.14965274949121696,0
0.932329618518845,0.2103063260798145,1
0.021633498674114047,0.919528557788548,1
0.9937757396039678,0.7992133858417401,0
-0.29680773926063964,0.12162191254961703,0
1.187872182721767,0.4230283354383838,1
-0.04803007081360545,0.9794980617050361,1
1.0359780501692222,1.247503881938649,0
0.007884871158536401,0.38131450703506037,0
0.9055460265483968,0.1840967712681513,1
-0.12118494889783914,0.9210945918873155,1
1.1939997664525357,0.7235200285224332,0
-0.012775112065200397,-0.2368356891558449,0
0.9561300401129813,-0.6012641282613783,1
0.544221523682986,0.9991637355552009,1
1.0243186877679284,0.6143674975219653,0
-0.5041198313612644,-0.5463507774291481,0
0.8987666212674207,-0.19202434924277342,1
0.10035866307548892,1.0912616818677396,1
1.0410737839060127,1.1004023110710424,0
0.3118966174646357,-0.10909761742712962,0
0.8170623295088106,-0.010084887051663938,1
0.16264314664845247,1.1513683784243847,1
1.0117089771790615,1.6011515783678723,0
0.5182069647840323,-0.22790630088934713,0
1.2100462543241204,0.05700391218690402,1
-0.11355347446327829,0.8646700066410189,1
1.1039970927130043,0.8641259655962125,0
0.18727721451685583,0.31271505229632535,0
1.04458111109704,0.13722857724216023,1
0.2675865223279014,0.7933757910220232,1
1.2843981140409015,0.9379511496391227,0
-0.17603526937718478,0.23017396234021598,0
1.3533354183696573,-0.10247005210207642,1
0.12970053583270633,1.3015326680152903,1
0.8897932534738945,1.2479006967854422,0
-0.18546873480321366,0.262626978346895,0
0.839516179947945,0.2043140966361326,1
-0.15614056487587277,0.9323955817397085,1
1.0249341777109044,1.0556048332179953,0
-0.01915106434233185,-0.166871230343268,0
0.9868853149060771,-0.16001082596013716,1
0.16402440776796903,1.3258491797484122,1
0.8290111110700149,0.9342871414882581,0
0.2606484758415978,-0.36438939415913374,0
1.1857831203341325,-0.15713093625456612,1
0.27384681197014077,0.8989793789133991,1
1.0579327984261848,1.4096856789117491,0
-0.22840807578897357,0.028716899376004128,0
1.3885199054392694,-0.03704801391531992,1
-0.19240865560965256,1.0755505903987814,1
0.6677505480984818,1.3788442688441567,0
-0.3957118424301062,-0.13717876414390584,0
0.6524887805801969,-0.06524327962081544,1
-0.19468460737487261,1.243317223300382,1
1.0291561336761903,1.093282123273824,0
0.16123612334123413,-0.15746420300378622,0
1.095994899033856,0.21109147103004028,1
-0.14542090762506898,0.9129733582965529,1
1.2880399087217873,1.3073709228526433,0
0.24066915824108193,-0.0038709372205934377,0
0.8355150753477327,-0.25178900614443167,1
-0.20513354906690562,1.2617080295040164,1
0.5770995193532062,1.054983175662194,0
0.01650557889815966,0.09899270230200274,0
0.9359544715674561,0.16561962614034598,1
-0.2193203746891289,0.9052003490367885,1
1.502474753761089,0.9616925753748489,0
-0.16653458732939783,0.014150761657200599,0
0.5808649591139626,-0.2011781547111743,1
-0.10733805380085915,1.2497418956543047,1
0.9070064168125933,1.2394587779176716,0
-0.6018777304168822,-0.013557185225174195,0
1.3967611490995724,0.0904405574353972,1
-0.032115894218422585,0.6923391897104652,1
0.7741266819276916,1.0278648589838586,0
-0.17708104527802088,-0.09547549009506164,0
1.1647716541859239,0.32344210497995257,1
0.03364396583213993,1.2513623683093809,1
0.9314350538369696,0.6682879089289566,0
-0.48058061992371465,-0.2856376302226757,0
0.8050406555107076,-0.0400587807032921,1
-0.15623584240450608,1.1112538707852666,1
0.89274534139528,0.999865682911335,0
0.1983575382054167,0.087945233163243,0
1.1135012382089973,0.13553750118677155,1
0.2795357697165146,0.8817577798514853,1
0.7593406327016633,1.4013776887860203,0
-0.28745405030338467,0.10341783324867783,0
0.9594352812809674,0.4733866909084233,1
0.09227587210575836,1.0824712049696372,1
0.9888585374633311,1.0236409370857424,0
-0.1606414692736416,-0.35401210525183613,0
1.1925377254153338,-0.3998669264887364,1
0.03440588760952715,0.9631999511941893,1
0.7157396557905698,0.9570723685308914,0
-0.033464989189395694,0.06493125169795103,0
1.1627210189664177,-0.014724676384877712,1
-0.7048883247181087,1.122105145010764,1
1.2837575068337337,1.0799887260705192,0
-0.040336054180681244,0.18377900448681844,0
0.9409785424435606,-0.025613551321029826,1
-0.12480480343420708,1.2381745826927293,1
0.8359477597300136,0.5675562169286004,0
-0.27275827747201953,-0.23094205926078962,0
0.8299244025162884,-0.04003381986283656,1
-0.0981492693789558,0.6751696306858175,1
1.4249905844531976,0.9587034895199347,0
0.34962833956500206,-0.2515619804978206,0
0.8658801461544441,-0.10530011452860817,1
0.05940284366807876,1.0181585137767108,1
1.072066607024179,0.864354298970716,0
0.5186560263677702,0.2922306668996632,0
0.8496842277984957,-0.24393363769478196,1
-0.034770823011358115,1.3229750604548831,1
1.0011279143135747,1.1207284655803322,0
-0.6122065444439622,-0.25361214452215486,0
0.8623345258382057,-0.00054509976028779,1
-0.458166326058357,0.4698811329994663,1
0.7760385083021002,0.8898707222996598,0
0.2543351255049462,-0.11159110750911401,0
0.847537440003812,-0.3274970530230687,1
-0.21616241477907489,0.8406503713784871,1
1.0256370262910959,1.0198285456640201,0
-0.03525425366322635,-0.21722260762208362,0
1.1043897511853495,-0.2027028291337468,1
0.045343708100859775,1.5316100841946825,1
1.0282091059826806,0.8428403023620942,0
-0.214674281222202,-0.05667174642312784,0
0.8010681955406946,-0.38022239037164024,1
0.03959536713196456,1.2668032010622035,1
1.2751380907406171,1.1110545343829703,0
0.12241720906756001,-0.45382499991425035,0
1.1408984842040129,0.1309966006023381,1
0.00897035958972388,1.1532540616458884,1
1.1426061615350527,0.9858029378465657,0
-0.25407466657952593,0.014261720804559879,0
0.5245110998075444,0.1920776875879825,1
0.05587205172405332,1.0525505094202419,1
0.7402287663651449,1.130251883514933,0
-0.18610844184536604,0.3856028647595542,0
1.0667447978064182,0.31375144058051474,1
0.24906338958192897,0.6828748481525129,1
1.429511781593887,0.7379718622407112,0
0.15118913653985466,-0.8247757982621695,0
1.0552922860424565,-0.15717651914434239,1
-0.34147641261769884,1.1641855131806484,1
1.2719343925285032,1.2148517808641723,0
0.32264214625686677,-0.2354357220414219,0
0.7370101204938073,0.29760931883628994,1
0.2880456176350155,0.8146749988189339,1
1.1850007206325945,1.3665590156752438,0
-0.04794529596473733,0.04998895060042881,0
0.8313026272539349,0.32119707375317574,1
0.2414286068984703,0.7029048813560327,1
0.9735936930703061,1.1826149574133904,0
-0.017568583571647433,0.0968759550507505,0
0.9461274223866499,-0.2908465642143417,1
-0.10669434471638185,0.8807600303274469,1
0.7607060091627338,1.0787146032612025,0
-0.5122381651938298,0.1819154484319665,0
0.6699662416622871,-0.12389727781393134,1
-0.35836170003769385,0.4997137877381581,1
1.393640348493601,0.9461152695817859,0
-0.11812986234535647,0.019651075279589425,0
0.9837539783110796,0.3791752638185118,1
0.3263977281844623,1.3629167378194011,1
1.4129206588590013,1.1257728702742096,0
-0.19940233552552228,-0.050263607364768544,0
1.0357005598478926,0.053489033737418985,1
-0.3903340910339248,1.1659441329767493,1
0.901135920802867,0.6895895422730727,0
0.032940545184554165,-0.0945907501173164,0
1.0431984413975952,0.17386872660847796,1
-0.37515272010966555,0.9929821115863856,1
0.896206490124844,1.5742464640160438,0
-0.29779783081359057,0.33226751411370414,0
0.7875367413171334,0.12124367096701946,1
0.017895989069798404,0.8429453677916499,1
0.7698528055939118,0.7918496047654785,0
0.469541789684501,0.11485409992898431,0
0.9827057676038863,0.35551958104306347,1
-0.05706201386007575,0.6750156359677586,1
0.9222651251693483,0.8416067520023823,0
0.19722760571260636,0.07696873048347126,0
1.263052261699714,-0.14671761775944228,1
0.30773628758903454,1.1923337434621453,1
0.6171563847917731,1.1896627462466518,0
-0.009036809986857904,0.04175571654993369,0
1.037684943552202,0.07034480237217113,1
0.0031935404402062737,1.127981873824969,1
0.6653865286607803,0.3485058241729653,0
-0.18463975592260837,-0.08985763093623533,0
1.0170484555697612,-0.12041947437104422,1
-0.045847846664209956,1.1360403368209644,1
1.0385546856831849,0.4361847420553219,0
0.25560415602956404,0.07074558923727287,0
1.1568620082526164,0.0916870455640361,1
0.08631711514960502,1.195326225112398,1
0.81458959199239,0.9748382363067049,0
0.6909138589561268,-0.13727079361076563,0
0.7593459508051883,0.6012612939818461,1
-0.25719630968889173,0.7579133855994283,1
1.2528673333364582,1.0914264705188215,0
-0.0794733333833133,0.1138003776551955,0
0.781454297819623,0.2197113127858461,1
-0.07361301141179248,0.7050802213345483,1
1.0791301173726804,0.8923426469144442,0
-0.013548581927030104,0.10149087718318252,0
0.548082818357939,-0.0557745345077969,1
-0.05573990047297069,0.8408893355165319,1
0.7770338874980951,1.114075786923065,0
0.06316617740717465,0.07648488330224008,0
1.4243128799162421,-0.02258102392638434,1
0.3170196956940424,1.2911968736302537,1
1.3643772880198362,0.8092317371680756,0
-0.11798673377783496,0.02353534391069024,0
1.4921136418185241,0.5438163073852796,1
-0.050947910810272425,1.0223806966668734,1
0.8465562869369908,0.966292051934684,0
-0.22559269500876872,-0.12477581058518904,0
0.9801262942430187,0.09587517365074548,1
-0.015162217817608466,1.149690865596372,1
1.3503130063202569,1.015866246285769,0
0.019661419142816668,0.025697596814066824,0
0.7748162122388557,-0.3868735587954328,1
-0.039698207045786235,0.8531909040225265,1
0.8805993659733418,0.912197672604369,0
-0.009550606540773277,0.1268878748047975,0
0.5813220208113512,0.2148285414627051,1
0.5553408621221811,1.123028389689502,1
1.4386538721312183,0.9278477025587041,0
0.20617620410066287,-0.2150440186734372,0
0.5833208126743219,-0.18754936924952437,1
-0.14243237276301612,1.108943444209956,1
1.395781663486444,1.3468564377924217,0
0.14765569324891595,-0.25417799178308204,0
1.2358594090698607,-0.4084947749342175,1
0.4051984671884222,1.1518896280276574,1
1.0717389781163973,1.1375515105686151,0
0.583016605175124,-0.1415077651214571,0
0.9542527588540377,0.14414953096528238,1
0.1344296375634509,1.0001043407654187,1
1.0334087198213158,0.6634699674695852,0
0.26785685111120466,-0.04133948762871042,0
0.6146035956172836,0.07387938200281303,1
-0.2015715131076518,0.7800791675461114,1
1.0016254188652978,0.8297580013695289,0
0.14743801379587027,-0.11123013520358685,0
0.6372375681021339,-0.057661843585194154,1
-0.02852801636725581,1.0303501007323248,1
1.1908474402356561,1.1270771661516161,0
0.14105020876263685,0.26454853849178905,0
0.8969236594938624,-0.11350454191479026,1
-0.017751421111328106,1.039036163440529,1
1.2168918274116374,0.9333880969682469,0
0.1922230044050313,-0.6376742483241614,0
1.0831731194207692,0.046227835726822285,1
-0.4812669238287403,1.2597343158096705,1
0.800519835917218,0.4733762728514377,0
0.04263816785569682,0.41218264667031573,0
0.5579095759587682,-0.38318761018469266,1
0.2086484882351782,0.8812012287690041,1
1.0370955269500755,0.7231161568829025,0
-0.3298855341828369,-0.11529792368007713,0
0.9949722647439823,0.30985359056327677,1
-0.04065916980243124,1.018636573333273,1
0.7171743492666853,1.3665370796794278,0
-0.4879314659278748,-0.23448267885159038,0
1.326768879608624,-0.05249306025961349,1
-0.23228838026613147,1.3103197052367352,1
1.2995367202753152,1.1710341304482992,0
-0.5714025009619242,-0.002685509733757346,0
0.9388225310686467,-0.06903251791569318,1
-0.3631600431365695,1.1408616896820687,1
1.0685184086696968,1.1553813497179592,0
-0.11832313632198457,-0.0499502183521088,0
0.8333791091885023,-0.3186783262163772,1
0.18098953248037297,0.9361165943206333,1
0.9173406222804081,1.0913757947515415,0
-0.28152136998934196,0.10390413442128438,0
1.0700673687426125,0.12883773995892042,1
-0.2455147920980619,0.9072999360426367,1
0.8962114795364184,1.3945581743900772,0
-0.4337569238102368,0.0026443190059476317,0
0.7513626278024761,-0.24641658430425653,1
0.1115514955399291,1.028347541643513,1
1.1754056508164934,1.157222470972516,0
-0.055835489357333554,-0.3499123907865811,0
0.8363402098135826,0.061133462987513244,1
0.16277296536292535,0.6433143605873373,1
0.8506499343163841,1.432256396067528,0
-0.08036297121587305,0.1660172011341328,0
0.9931320956061129,0.2408558501611716,1
-0.23593239431662316,0.9552423656244649,1
0.9690160298437874,1.6802531129141594,0
0.036699574875134346,0.08325896297648458,0
1.168226720984583,-0.03628942950687562,1
-0.35181166034551314,0.8747310960029712,1
1.2695112053379312,0.32081088661803414,0
0.07992234812501257,-0.10070835308553464,0
0.7386388124044638,-0.49125950553995407,1
-0.5682014097129695,1.3601989477649357,1
0.948771266720837,0.62361572233446,0
-0.4641030255493283,0.08200383986061585,0
0.9985950890230177,-0.3816568117635816,1
-0.042057323288904484,0.6840532284612522,1
0.7314846511073909,0.5536145611091545,0
0.23211006280601434,0.09222009653280022,0
0.8408773619589897,0.1796723048990498,1
-0.23143103999720693,1.2884312878591784,1
1.3188033971239914,0.833742631698137,0
-0.38076794304533623,0.11395332802080141,0
0.9014230995641122,-0.21144658878661018,1
0.2474358082398379,1.2096045614811795,1
0.8236806457495269,1.0793759758923325,0
0.10585809536295981,0.22925861978950857,0
0.749116410494707,0.07667066312138011,1
0.26774365658697147,0.7580510331234621,1
1.054390662185063,1.3420899111040652,0
0.12819370694465781,0.07827630765450824,0
1.4787535070663183,0.29385911407133297,1
0.18943129329684114,1.1774281681934937,1
1.2687438554797361,1.0382192126137841,0
-0.31043823729653885,0.006316859219849247,0
0.6433712262518686,0.22873777623397118,1
-0.04413308713765435,1.4993798054206626,1
1.3157052104180975,0.731635104922181,0
0.010351606616667898,0.2367320689781645,0
1.1001839696177869,-0.03705513117001519,1
-0.2114317494821422,1.381273204181356,1
0.9837632824777707,0.903655835484783,0
0.12552827480198392,0.3357288769109683,0
0.9190089450237093,0.00791725229644571,1
0.10250308864839457,0.9044588828699175,1
0.765617066858045,1.1225020188253865,0
-0.14476514371352964,0.06285333690367952,0
1.029121990880573,-0.3605151153321134,1
0.15720424755154727,1.2402922305431656,1
1.1537793365746323,1.120955729613535,0
-0.11296442437309269,-0.04674464888511272,0
0.8779396373570962,0.06028917797837092,1
0.34894573094091097,1.6094545685506727,1
0.9368783433718396,0.9591380638973336,0
0.2954018756517224,0.21660094057580934,0
1.0820203388244263,0.460172797579955,1
-0.428730939600385,1.2856746813921451,1
1.098647999566439,0.8657077467036065,0
-0.03861128789309676,-0.15938741908096787,0
1.082567708062071,-0.08598561480329973,1
0.19742400105895608,0.9079250821605924,1
1.042213397812397,1.41548719331167,0
0.35993473011646204,-0.2789965298841301,0
0.999585872924096,-0.4162623704150009,1
0.05663992398546815,1.125190173839291,1
1.076188771009921,0.7420183985314487,0
0.05691612285335888,0.2551115848350686,0
0.8016655485689389,-0.3159716937497236,1
0.4143179518822067,0.9795661246113427,1
0.9208939369827477,1.2407870490939132,0
0.20995969719707894,-0.11644235010314027,0
1.4085038645670565,0.22877963517082342,1
0.03545326172004621,0.9504051610227378,1
1.2405750175165335,1.0330691419197773,0
0.3871581300871773,-0.16768236478248608,0
1.238790984248116,0.027876414187647865,1
-0.10220335948754544,0.9766497846035698,1
1.40219851935399,0.8524022318601325,0
0.042880684136149094,-0.15499559675191588,0
0.4038090917530197,0.18980657545296561,1
-0.2291912096670583,1.2491539089802752,1
1.5533894183707933,0.7024874897306593,0
-0.20926555619165454,-0.03449938829466308,0
0.8619207968994694,-0.140016992759358,1
-0.042969994954772356,0.9356491522596648,1
0.9908836137958913,0.934977770926485,0
-0.09975771568430748,0.10560393631697296,0
1.0249590151104424,0.26666225657393544,1
0.003429320387620403,1.071991579655299,1
1.1446385357241182,0.9196335807337933,0
-0.2083119146905867,-0.38742255966544226,0
0.6004242437765619,-0.5436244004514382,1
-0.11567287955795988,1.178403971036235,1
0.45004899639401097,1.2966971807510177,0
-0.39860571049670945,-0.09330168554358628,0
1.1856630092155211,-0.3059293806777301,1
0.20099365109368506,0.9329887136432187,1
1.184073576084842,0.7665770509992347,0
0.09345554744954296,0.3153071069717052,0
1.226654292298306,0.09351600094462842,1
0.25376230165767744,0.8012302752016703,1
0.9686442703065389,1.1476509403909223,0
0.10325524432438028,0.40482886619135133,0
0.8376825766318493,-0.12970447224361878,1
-0.428592663974336,1.629016782801945,1
1.0562946294848952,0.780678627579619,0
0.24722168995262375,0.5315117902858734,0
1.3273586887355076,0.12392739270232275,1
0.5146058232867246,0.9899173266259479,1
1.2676545296130495,0.9167635035470699,0
-0.051480014099696735,0.4092205376086613,0
0.9533030394594225,-0.08864429026447511,1
0.3183565792661499,0.693617705130898,1
1.1129283687322837,0.6896981852419979,0
-0.044739619226332586,0.18665390267846757,0
0.4543014174565956,-0.36997138981587757,1
0.3793520076814371,0.6464385559225936,1
0.9771464316634026,1.2201114427838893,0
-0.1569315189838293,0.16817368666839516,0
1.2872761882715162,-0.14363333013898233,1
0.22745776289684533,1.4010417036820622,1
1.0648623901852632,1.528686180699188,0
-0.165584653577878,-0.01897480497307666,0
0.9169567876334916,0.18431841665244655,1
0.32311609646079775,0.9421625639281704,1
0.8811629107583849,1.1941881319784802,0
0.25929330156499764,-0.4140436077498901,0
0.9063732290210583,-0.03697378256772423,1
-0.131408136783894,1.344933468802493,1
0.9051450436537578,0.9493934146622426,0
-0.19418890999799,0.005831422075193442,0
0.8749766075478652,-0.016416916549509677,1
-0.0023875341102870752,1.1152107189964269,1
1.1655834042574735,0.9910856039773291,0
0.0681084190073393,-0.1020562937215295,0
0.9816868319437625,0.14138585393496536,1
-0.04960444673898308,1.1668495708107225,1
0.7769455450269758,1.285156933859963,0
-0.07112407700311599,0.08489053554974453,0
1.175439790961949,-0.6479312594342701,1
0.13652740415521766,0.5661640575913947,1
1.372414575877925,0.5495804857682691,0
-0.1750014600972296,-0.43767633406932493,0
0.5756702895356045,0.7473490783689672,1
-0.11072678102463566,1.1986146000468847,1
1.4664654358694686,0.7415253374289856,0
0.12683592268962288,0.24592279463021657,0
1.3831451227292226,-0.07973534318107546,1
0.09980960858048812,0.9307110520044884,1
0.6339351170468741,1.1449444032118585,0
0.0629764537411879,-0.13742820799360755,0
0.8917322202978172,0.1590624415910074,1
-0.22428776015948165,1.4372765670041423,1
0.645860238101713,0.4166650142486913,0
-0.07595129644745169,-0.051484617796974545,0
0.9102814535571582,-0.05247868257263287,1
-0.18861346038249852,0.511223163106311,1
0.8642798871585016,0.8963220804779262,0
0.1705401984916026,-0.05533914476538061,0
0.7275778016080202,0.15748764304235366,1
0.01905429134506731,0.9975323264995543,1
0.735251093212472,0.3665180320191376,0
0.12995121807087662,-0.48488983395672935,0
0.9173762847452266,-0.37632714027019926,1
0.1555177079797554,1.2187658775012253,1
1.211754586143784,0.39072947216550247,0
-0.12692400926651215,-0.16208467000924545,0
0.9753753326769624,-0.21631782249505938,1
-0.09841004080693809,0.9947375595215294,1
0.6688936040390208,0.554085837557767,0
-0.7250039305635851,0.24569365490065234,0
0.9410516176196809,0.5291349343486504,1
-0.21132628031312314,1.1493560129124165,1
1.0735099508269692,1.0223604262962442,0
0.21712281920156498,-0.2155992420679878,0
1.130573651312557,0.7332051006663631,1
0.24573960155673202,1.1647971082396795,1
1.0975457036681755,1.0538150208000068,0
-0.02792468198232161,-0.028209283527865395,0
0.8763263421091729,0.22303461353533713,1
-0.18229690947683191,1.16299190751435,1
1.2114433876996529,1.3456777375448379,0
-0.5039617093121443,0.29216368222308686,0
0.6727467745542715,-0.05997435853296541,1
-0.012413386047657918,0.9954680195377767,1
1.1659919444597275,1.3785318243956262,0
-0.48764657453186083,0.5071768099693982,0
0.9078771048984049,0.23033192554252765,1
-0.0191485144418143,1.1407462958758012,1
1.3917437204272125,1.0538848765874635,0
0.11190576261651415,-0.30355971681497457,0
1.1105869070453416,0.08428709144083334,1
-0.12037905593618528,1.4054933142063906,1
1.255320664836329,1.5506287218125285,0
0.013586829203473285,0.05541568838435499,0
0.9982272918975721,-0.15685868544148912,1
-0.03811277498718893,1.1564322304326549,1
0.9953055326605452,1.3516327998136117,0
0.3629327373027234,-0.2879896993545017,0
1.5074733022465034,0.45978733614717265,1
-0.008755718841367085,1.3945905041974096,1
1.3785706929061274,0.869250198758475,0
-0.03509914463245837,0.11659463466035719,0
1.5182631608925223,-0.1135923189189107,1
0.3018491947366687,1.0398797964603232,1
0.7222138134480673,1.227392359874435,0
-0.12002738501505616,-0.2419294314331581,0
1.1764107922715863,0.19503820070118036,1
0.41078204629704135,0.8701760594228432,1
1.6359295646075172,0.8799146055836248,0
-0.049638961059101344,-0.07601845463787672,0
0.8964984948627611,-0.3586309753289669,1
-0.014443033592766429,1.2755324841983051,1
0.7403867153624863,1.2959179182578315,0
0.2125224461647418,-0.2978367674961666,0
0.6645670863585111,0.12089824691089815,1
0.10576183523853457,0.9005041726570377,1
0.9183950931667264,1.254108627765873,0
-0.576810286328699,-0.22689436194669738,0
0.8827105214568727,0.19414749789092312,1
0.3175123142619412,0.3311559260854824,1
0.8953991748636003,0.8503689120604745,0
0.11282759197252795,0.08158663504149986,0
0.9224824596674218,-0.22140866696142356,1
-0.35695768007809403,0.7068448260702281,1
0.9497859294812805,0.9359732315658821,0
-0.13962873642346618,-0.05371860423042966,0
1.2404970718338317,0.4392860830983729,1
0.031834887452731796,0.9975551206133837,1
0.8328813964182705,0.6703786100778333,0
-0.153428369812759,0.2257377623348782,0
1.0778685850774696,0.012873003075851515,1
0.07284109882880235,1.3436939576174,1
0.5334929554021501,0.6340879447090686,0
-0.09106844371091707,0.15140165315853485,0
0.9090657102822786,0.23033897291475683,1
0.008447797349151978,0.8681927985474587,1
1.3513052384706914,1.0036204331099183,0
-0.1583704702881014,0.129877962286104,0
0.9769450848520855,0.35098736160951116,1
0.05674960242554551,1.1455356224274413,1
1.2339002774025936,0.7784932392792908,0
-0.2969277148731526,-0.03775751823459441,0
0.9125651684153079,-0.23255439174133039,1
0.09952524869629382,0.8181993865021765,1
1.2212959646382575,1.1976697150067472,0
-0.01882128854305564,0.39667400496867117,0
1.4014874195447502,0.3772850879078158,1
-0.30098564352766527,1.2430799008549822,1
0.9361769757676508,1.0823991857488784,0
-0.06438586981633616,0.31466278577354373,0
1.2217644505937033,0.03484653973160689,1
-0.15662031458633954,0.9857754712427911,1
0.5522468080554908,1.0751151457531192,0
-0.22567384790560033,-0.2140731877092796,0
0.7205292851187236,0.5655959088248088,1
0.03509442371866774,1.1256871309628538,1
1.076206716572504,0.5036520475706833,0
-0.16468344375182986,0.06613513641261153,0
0.9700770750046543,0.13645050799575079,1
-0.6827136206722171,1.3700994303603709,1
0.7037897616247266,1.1651155717172132,0
-0.0191248203730017,-0.058355631257637805,0
1.0107094107161507,0.011951926834253486,1
0.01617673915726358,1.3270839111448685,1
0.7977679257594684,1.182385066843433,0
0.2990524017050635,0.19625962942222605,0
0.7996201609439164,0.400217669926103,1
-0.06490485795355719,0.802735483434809,1
1.0349485506479845,0.9358435979225846,0
0.4134479984315405,0.08999305223105296,0
0.8208811830019889,-0.06340423727874621,1
-0.3946997868070929,0.7874093569534288,1
1.1012036123799858,1.3115626196721686,0
-0.49290256512991526,0.515317290480539,0
0.8141303497754209,-0.5001731059912055,1
-0.34717793032713773,0.7252427796459155,1
1.2719251200702923,0.7134334822248931,0
-0.19401067745362466,0.08671528933338522,0
0.8588164999909518,0.18721799068115996,1
0.3520644340024563,1.1121521415465427,1
1.2116022497128958,1.0343420149657987,0
0.18320423161708987,0.15643929126765008,0
1.2392343106349877,0.21343146739799235,1
0.05087162633968661,0.9986589726552602,1
1.1903086947666484,0.9587787350421352,0
-0.03851142532549425,0.15324706180130096,0
0.7440500179407663,0.37231533233523273,1
-0.02001249156803426,0.8203221181025506,1
1.5948407727316,0.4765122391955756,0
0.3673340139185411,-0.16043744917094796,0
1.1064952372559493,-0.2469113891622782,1
0.36346239968904986,0.9945380248967506,1
0.6990071030940674,1.0662189209479367,0
-0.07031614139805298,0.2734089264001578,0
1.4700162474208673,0.1976145171169626,1
0.004532799333793886,1.3275091361051643,1
0.9356033913900714,1.1355317577277944,0
-0.17033116544314145,0.25237928501606527,0
0.8303357325247871,-0.2061782132830024,1
0.0899447078001615,0.8029618498482909,1
1.1675059916506967,0.6570090849746432,0
0.11693874173185397,-0.017795989484167794,0
0.9980054575206134,0.1346772655593975,1
-0.22738781743236788,0.1505118830148714,1
0.6282726552831558,0.7134245448239788,0
-0.16917031403551694,0.31426106995449005,0
1.0994075762588291,-0.6407860141722869,1
-0.28842960944456864,1.2340970369089639,1
0.9073708916127486,0.8013968381796902,0
-0.015353195901883887,0.24695480960569727,0
0.9306990165355338,0.250181624397647,1
0.20294467373346992,0.7327649496190112,1
0.36441937616785713,1.2907120550391884,0
0.19839230583460804,0.07616906713736434,0
1.2260346583911441,-0.01429847731271291,1
0.5139428875839595,1.0301154120908569,1
1.0182818354957164,1.210597252806505,0
0.023732912659083574,-0.1826547325090011,0
1.1334552219413636,-0.10097018846415529,1
0.05834803564362464,1.2200741493822767,1
1.4725582556310413,0.8192089277830561,0
0.19155419582877717,-0.15914227732753866,0
1.4597719819742117,0.3725776105162432,1
0.05468702303206964,1.2819869592492164,1
0.8755894074932606,0.9583855525386118,0
-0.126405267869585,-0.2585233616500778,0
1.2885705028554302,0.3899782423327447,1
-0.08995449120594962,1.1728863767365045,1
0.8817777307402298,0.8278697870492586,0
0.006616042280842253,-0.19180086903763693,0
1.0672582128542503,-0.4036309064178646,1
-0.19732748088605023,1.1590357509158822,1
0.8766911371638361,1.5067286872410979,0
0.083558540009184,0.18554559025342424,0
1.0615974018799146,0.15385694886102064,1
-0.0822857024419737,0.9851562457087243,1
1.4071933731628263,0.8653570764135369,0
0.03825496364334072,-0.5685058184520786,0
1.4592076401436787,-0.27965265027596664,1
0.08042935176364165,0.7623625185382288,1
1.370189236850511,0.8464755525847296,0
0.33308757607426365,0.4611645901326714,0
1.0832405917657062,0.04628674561550885,1
-0.339659862764832,1.0536423596099493,1
0.8978949929831818,1.0846619546142888,0
0.04983880545978661,0.5076946115087552,0
0.9713376702288105,0.4568693033855915,1
0.06594508393670302,1.092509161801693,1
0.7513955204597518,0.9748160030077351,0
0.24610483622951615,0.1931445617711678,0
1.1521566612929037,-0.18644876759609816,1
0.18171636086667564,0.4762113420590167,1
1.2729722548782374,1.0677528290655232,0
